graph name,Running Time,Counter Initialization Time,1,2,3
HepPh_sym,0.00212425,0.00042825000000000003,0.000485,9.625e-05,5.975e-05,5e-06
