graph name,Running Time,Counter Initialization Time,1,2,3
friendster_sym,4.5272275,2.3966575,1.3896675,0.49505075000000004,0.180407,0.04403875,0.0072335,0.0010275000000000002,0.000413,7.099999999999999e-05,8e-06
