graph name,Running Time,Counter Initialization Time,1,2,3
friendster_sym,4.147270000000001,2.3927075,1.03968,0.46873999999999993,0.17913975000000001,0.0463895,0.00712075,0.0010412499999999999,0.0004255,7.35e-05,9.75e-06
