graph name,Running Time,Counter Initialization Time,1,2,3
NotreDame_sym,0.00235975,0.00071625,0.0007782500000000001,0.00032275,0.00034,4.85e-05,4.9999999999999996e-06
Slashdot_sym,0.00160375,0.00036925,0.00053025,0.00018674999999999999,0.0003595,5.8750000000000005e-05,4e-06
Epinions1_sym,0.0021005,0.000718,0.000589,0.00040500000000000003,0.00026674999999999995,1.975e-05,2.25e-06
HepPh_sym,0.0012535,0.0005964999999999999,0.0004375,8.975e-05,6.7e-05,5e-06
