graph name,Running Time,Counter Initialization Time,1,2,3
NotreDame_sym,0.00251475,0.00082825,0.00080925,0.00032475,0.00034325,4.8e-05,6.25e-06
Slashdot_sym,0.0015665,0.00040249999999999997,0.0004925,0.00018075,0.00033874999999999997,5.8750000000000005e-05,4e-06
Epinions1_sym,0.00174225,0.00059675,0.0005924999999999999,0.000176,0.0002695,1.95e-05,2.2499999999999996e-06
HepPh_sym,0.002786,0.0010344999999999998,0.0012842499999999998,0.00020649999999999998,0.00016774999999999998,4.75e-06
